time,flux
131.5122963502945,58307.671875
131.5327306573963,58325.8046875
131.55316486450465,58315.52734375
131.57359897148854,58310.87890625
131.59403317848046,58308.890625
131.61446748535673,58311.9375
131.63490159211506,58309.48046875
131.65533579886687,58332.703125
131.6757701055103,58321.56640625
131.6962043121457,58331.63671875
131.71663841878762,58321.3984375
131.73707262531389,58311.76171875
131.75750693171722,58332.015625
131.7779410381263,58335.67578125
131.79837524441973,58337.75390625
131.81880955070665,58315.140625
131.8392436568829,58320.71875
131.8596778629435,58331.75390625
131.88011206899682,58333.51171875
131.90054627505742,58307.6015625
131.9209804810016,58315.7265625
131.9414146868221,58337.79296875
131.96184889264987,58322.109375
131.98228309847764,58310.98828125
132.0027173040653,58296.9609375
132.02315140965948,58328.4296875
132.04358571525518,58340.0390625
132.06401992072642,58326.0625
132.08445402620418,58317.28125
132.1048882315663,58334.13671875
132.12532253692189,58323.125
132.14575664216682,58313.62890625
132.1661908472961,58313.10546875
132.18662515241886,58319.90234375
132.20705935743172,58323.5078125
132.22749346244382,58316.4609375
132.24792766734026,58317.046875
132.2683619722302,58326.41015625
132.28879607700947,58325.18359375
132.30923028178222,58319.453125
132.3296645864466,58337.11328125
132.35009869099304,58317.44921875
132.37053289554024,58319.09765625
132.39096710008016,58314.359375
132.41140130439453,58320.56640625
132.43183550881804,58332.81640625
132.452269713016,58318.65625
132.47270401733113,58316.08984375
132.4931381214119,58320.015625
132.51357232548617,58330.01953125
132.53400642945053,58330.625
132.55444073340914,58331.19140625
132.57487493737426,58319.77734375
132.5953090412222,58325.390625
132.61574334495526,58310.64453125
132.63617754856386,58339.1171875
132.65661175229616,58320.53125
132.67704585579486,58323.2421875
132.6974801592878,58318.03515625
132.71791436278727,58320.44921875
132.73834846605314,58347.6796875
132.75878276942967,58329.046875
132.7792169725799,58326.6796875
132.79965107584576,58318.52734375
132.82008527887228,58309.8046875
132.84051958190685,58324.02734375
132.8609536849399,58318.921875
132.88138788785,58320.45703125
132.90182219065173,58338.28515625
132.92225629345194,58334.19140625
132.94269049612922,58325.87109375
132.96312469869736,58327.07421875
132.98355900126626,58324.890625
133.00399310382636,58311.14453125
133.02442730627808,58324.80859375
133.0448615086134,58334.3046875
133.06529571094143,58323.1015625
133.08572991316032,58315.55078125
133.10616411537922,58322.59765625
133.12659831747442,58323.31640625
133.14703251946048,58323.36328125
133.16746672144654,58329.203125
133.18790092330892,58330.3125
133.20833522517933,58305.08984375
133.2287693269318,58321.7421875
133.24920352867775,58319.59765625
133.26963773031457,58315.0390625
133.29007193183497,58321.171875
133.3105061333481,58332.875
133.33094023475132,58316.84375
133.35137453615607,58322.078125
133.37180873743637,58343.7109375
133.39224293860752,58304.17578125
133.41267713977868,58323.953125
133.43311134094256,58330.80859375
133.4535455419973,58333.74609375
133.47397964293486,58303.046875
133.49441394375026,58335.69921875
133.51484814457217,58319.1171875
133.53528224539332,58314.1171875
133.5557165460923,58324.4921875
133.57615074668138,58328.37890625
133.59658484715328,58363.2578125
133.61701904773508,58319.1640625
133.6374533480921,58320.8671875
133.65788754844107,58309.96484375
133.67832164868014,58331.83203125
133.69875594892073,58319.98046875
133.71919014904415,58301.078125
133.73962424915953,58339.21875
133.76005844905012,58333.23828125
133.7804927490506,58324.4140625
133.80092684894043,58344.734375
133.8213610487146,58310.296875
133.84179524837236,58307.50390625
133.86222944802284,58345.546875
133.8826636476806,58326.85546875
133.90309784710553,58327.83203125
133.9235320466396,58309.33203125
133.9439662459481,58318.3671875
133.96440044525662,58324.8046875
133.9848345445571,58317.00390625
134.00526884363353,58312.625
134.0257030427092,58330.203125
134.04613714177685,58312.96484375
134.06657144073688,58320.4296875
134.08700563957973,58334.234375
134.10743973841454,58311.1953125
134.12787393714098,58318.578125
134.14830823586817,58313.27734375
134.16874243447091,58319.63671875
134.18917653296376,58319.98046875
134.20961083145812,58332.9453125
134.23004502982803,58321.2265625
134.25047912820446,58313.8515625
134.27091332646523,58315.21484375
134.29134762460308,58313.50390625
134.31178172274667,58325.0390625
134.33221592077462,58329.03125
134.35265021867963,58317.48046875
134.3730843165904,58316.49609375
134.41395271217334,58344.7734375
134.43438690985204,58315.9296875
134.45482110753073,58315.3828125
134.47525530508574,58323.453125
134.49568960253237,58318.94140625
134.51612369997747,58327.6484375
134.53655789729964,58321.765625
134.55699199451192,58312.6328125
134.57742629172571,58326.04296875
134.59786048881506,58311.61328125
134.6182945857945,58318.796875
134.6387287827747,58336.5625
134.6591630797484,58314.59375
134.67959727649577,58318.1015625
134.70003147335956,58311.92578125
134.72046566998324,58323.78125
134.7408998666142,58327.09765625
134.76133396312798,58315.38671875
134.78176815963525,58320.5703125
134.80220245603414,58333.1171875
134.82263665231585,58319.65625
134.8430707485968,58329.18359375
134.86350504475558,58316.328125
134.88393924080447,58309.53125
134.90437343684607,58320.953125
134.9248075328942,58323.80078125
134.945241828711,58316.859375
134.96567602451978,58332.19140625
134.98611012033507,58325.6484375
135.00654441591905,58334.49609375
135.0269786116114,58307.67578125
135.04741270707746,58326.36328125
135.06784690254426,58314.98828125
135.08828119788814,58324.3984375
135.10871529323776,58321.5078125
135.12914948847174,58333.1953125
135.14958378358278,58326.1015625
135.17001797870034,58316.0
135.19045207370073,58330.6328125
135.21088626857818,58309.3203125
135.23132056346367,58327.55859375
135.25175465823122,58312.578125
135.27218885299226,58325.36328125
135.2926229476434,58344.40234375
135.31305724217964,58341.15625
135.33349143670785,58308.33984375
135.35392553112615,58323.6875
135.37435982542956,58296.26953125
135.39479401972494,58309.76171875
135.41522821391118,58104.71875
135.43566230809665,57564.484375
135.45609660204354,57446.69140625
135.47653079611337,57387.47265625
135.4969648899496,57372.05078125
135.51739918378007,57352.25390625
135.53783337750065,57381.24609375
135.55826747122046,57445.9375
135.57870166482462,57612.96484375
135.59913595830585,58198.38671875
135.61957005179283,58333.765625
135.6400042451569,58317.4609375
135.66043853852898,58323.6171875
135.68087273166748,58303.234375
135.70130682492163,58329.23828125
135.72174101793644,58312.55859375
135.74217531095928,58308.94140625
135.7626094038569,58320.09765625
135.78304359676258,58317.25390625
135.80347788943618,58312.015625
135.82391198222467,58312.3046875
135.84434617477382,58326.28515625
135.86478036733024,58329.3125
135.8852145598794,58325.24609375
135.90564875220298,58339.04296875
135.92608294452657,58331.84765625
135.9465170368494,58315.19140625
135.96695132893365,58319.171875
135.9873855210244,58328.390625
136.0078196131144,58321.66796875
136.02825390508224,58337.296875
136.04868809694017,58327.68359375
136.06912218868092,58323.72265625
136.08955638041516,58326.92578125
136.10999067204102,58320.640625
136.13042486354243,58329.546875
136.15085895505035,58314.9453125
136.17129324644338,58318.578125
136.19172743783565,58314.05078125
136.21216152910347,58338.41796875
136.2325957202629,58304.66796875
136.25303001141583,58327.30078125
136.27346410234168,58328.48828125
136.29389829326828,58314.0703125
136.31433258419565,58331.8671875
136.3347666749978,58323.2734375
136.3552008656916,58320.375
136.37563505638536,58342.7578125
136.39606924695545,58318.8515625
136.4165034374164,58308.6484375
136.43693762776093,58320.56640625
136.45737191809894,58339.74609375
136.4778060083263,58318.328125
136.4982401985544,58332.23046875
136.51867438865884,58321.0625
136.53910857865412,58317.640625
136.5595427686494,58310.41796875
136.579976958521,58305.3828125
136.60041114828346,58324.4296875
136.6208453379295,58331.2578125
136.64127952756826,58313.80859375
136.66171371709788,58322.1953125
136.6821479066275,58304.25
136.70258209603344,58321.76171875
136.72301628533023,58323.9609375
136.74345037450985,58305.75
136.7638846636837,58323.296875
136.7843188528641,58318.33203125
136.80475294181088,58328.61328125
136.8251872307519,58335.76171875
136.84562141958304,58310.1640625
136.8660556084069,58322.27734375
136.88648969700444,58314.515625
136.9069239856035,58323.89453125
136.9273581742018,58329.54296875
136.94779226255923,58310.48046875
136.96822655104188,58313.79296875
136.98866073928366,58331.46484375
137.00909482753195,58326.34375
137.0295290156646,58341.3828125
137.04996330368158,58314.6015625
137.07039739168977,58320.11328125
137.09083157958958,58324.50390625
137.11126586736646,58312.1484375
137.1316999551491,58312.16796875
137.15213414281607,58322.9140625
137.17256833036663,58326.109375
137.19300261791068,58335.31640625
137.21343670522765,58339.4921875
137.2338708926618,58336.390625
137.25430497985508,58328.87109375
137.27473926705716,58330.2578125
137.29517345414206,58326.62890625
137.31560754121892,58306.59765625
137.33604182807176,58318.3125
137.35647601492383,58318.28125
137.3973442883871,58325.28515625
137.41777857512352,58309.1953125
137.43821276161907,58332.921875
137.45864684800472,58317.6953125
137.4790811343919,58328.875
137.49951532077102,58341.671875
137.51994940692384,58330.6796875
137.54038359307742,58316.84375
137.56081787910807,58320.34765625
137.58125196514447,58306.71875
137.6016861509488,58324.71484375
137.62212043686304,58318.31640625
137.64255462255096,58328.34375
137.66298870823812,58321.66015625
137.68342289368593,58319.1328125
137.7038571792582,58321.52734375
137.7242912645961,58305.125
137.7447254499275,58326.37890625
137.76515973515052,58323.6328125
137.78559382037201,58333.7421875
137.80602800547058,58310.203125
137.82646209045924,58321.1484375
137.84689637533302,58315.3671875
137.86733056019875,58314.96484375
137.88776474495535,58318.125
137.90819882959477,58333.4140625
137.92863311422843,58327.09765625
137.94906729863578,58317.61328125
137.96950138315879,58328.3671875
137.9899356674432,58317.8671875
138.01036985173414,58317.79296875
138.0308039359079,58319.76171875
138.051238119966,58315.16796875
138.0716724040176,58310.99609375
138.09210658795928,58331.73046875
138.11254067177651,58340.796875
138.13297495548613,58308.9140625
138.153409139195,58319.2421875
138.1738432227794,58320.171875
138.19427740625542,58314.0390625
138.2147116897322,58324.9765625
138.23514587308455,58321.96484375
138.25557995632698,58313.3125
138.27601423957094,58328.91796875
138.29644842269045,58318.35546875
138.31688250570005,58311.40234375
138.337316688594,58314.5859375
138.35775097148144,58308.0546875
138.37818515425897,58329.921875
138.39861923691933,58330.1875
138.41905351945752,58327.7578125
138.43948770200222,58328.4453125
138.45992178442975,58338.828125
138.48035596673435,58315.30859375
138.500790249047,58334.796875
138.52122433124168,58343.3046875
138.54165851331345,58321.5703125
138.56209269527608,58325.6171875
138.5825268772387,58316.4375
138.60296105907764,58323.18359375
138.62339524092386,58318.8828125
138.64382942253724,58322.203125
138.66426360414334,58318.140625
138.6846977856403,58325.55078125
138.7051318670201,58313.125
138.72556614839414,58334.6953125
138.74600032965827,58314.48046875
138.76643441080523,58336.48828125
138.78686869194644,58318.64453125
138.80730287297774,58332.7578125
138.82773695389187,58325.546875
138.84817113468307,58322.55859375
138.8686054153659,58316.85546875
138.88903959604795,58342.1796875
138.90947367661283,58328.48828125
138.92990795717196,58328.63671875
138.95034213750478,58342.5703125
138.97077621782955,58328.83984375
138.99121039804595,58315.77734375
139.0116446782631,58327.07421875
139.03207875836233,58309.17578125
139.05251293833862,58323.94140625
139.07294721820654,58327.6640625
139.09338129794924,58330.18359375
139.11381547769997,58329.40625
139.1342496573343,58342.546875
139.1546838368522,58337.86328125
139.17511801636283,58335.328125
139.19555219576432,58326.44140625
139.21598627504864,58337.828125
139.23642055421078,58327.6796875
139.25685473337944,58346.375
139.27728881243092,58337.15625
139.29772309136024,58316.67578125
139.31815727017965,58330.3046875
139.3385914489918,58330.3359375
139.35902552769403,58321.9921875
139.37945980628137,58320.26171875
139.39989398475154,58328.0625
139.42032806321367,58334.23828125
139.4407623415682,58321.12109375
139.46119651979825,58324.41015625
139.48163059803483,58322.4375
139.50206477603933,58334.32421875
139.5224990540446,58328.35546875
139.54293313204107,58319.75
139.56336730981275,58335.671875
139.5838015875779,58311.56640625
139.6042356652324,58336.2421875
139.62466984277125,58308.57421875
139.64510402019368,58324.01953125
139.6655382976096,58337.51171875
139.68597237491485,58330.28515625
139.70640655210445,58327.046875
139.72684072928678,58319.8125
139.74727490624355,58324.69921875
139.76770908320032,58338.1328125
139.7881432601498,58328.953125
139.80857743687375,58322.19921875
139.8290116135977,58325.5859375
139.84944579019793,58186.87890625
139.86987996668904,57634.9765625
139.89031414306373,57457.20703125
139.91074831943115,57394.83984375
139.93118249568943,57378.12109375
139.95161677182477,57370.87109375
139.97205084784946,57384.2890625
139.9924850238749,57447.0
140.01291909978318,57563.52734375
140.03335337556928,58106.27734375
140.05378755124548,58329.58203125
140.0742217269144,58339.15625
140.0946559024742,58321.51953125
140.11509007791756,58356.79296875
140.1355242532445,58327.75
140.15595832856343,58313.8359375
140.17639260365831,58328.65625
140.19682677874516,58314.0234375
140.21726085383852,58313.18359375
140.23769512870058,58330.5625
140.25812930356187,58319.1328125
140.2785633782987,58321.484375
140.29899755292718,58314.17578125
140.31943182754912,58325.51171875
140.339865901944,58327.43359375
140.38073425061884,58330.0546875
140.40116852489155,58318.9765625
140.42160259893717,58329.9921875
140.44203677298356,58324.3046875
140.462471046907,58311.0546875
140.4829051207198,58318.86328125
140.50333929453336,58303.80078125
140.52377336810605,58327.87890625
140.54420764168754,58324.9765625
140.56464181526826,58321.09375
140.58507598860888,58326.80078125
140.60551016195677,58317.61328125
140.62594433507184,58328.0625
140.64637850829604,58338.07421875
140.66681258129393,58316.984375
140.68724685417692,58320.66015625
140.70768102705188,58319.2265625
140.72811509981693,58301.72265625
140.7485493724671,58359.54296875
140.76898354510922,58316.80078125
140.78941761752503,58335.97265625
140.8098517899416,58332.54296875
140.83028606223525,58337.40234375
140.850720234419,58320.51171875
140.87115430660197,58336.8828125
140.89158847866202,58326.05859375
140.9120227506137,58314.953125
140.93245682244742,58329.80859375
140.95289099415822,58340.82421875
140.97332526587707,58323.2890625
140.99375933747797,58323.75
141.01419350895594,58329.953125
141.03462768032477,58328.0703125
141.0550618515772,58318.234375
141.07549602282234,58325.20703125
141.09593019395834,58328.69140625
141.11636436497793,58321.4609375
141.13679853587382,58329.33203125
141.157232706777,58337.0234375
141.177666777563,58326.04296875
141.19810104822682,58331.14453125
141.21853521878074,58339.46484375
141.2389692892175,58313.88671875
141.2594035596485,58340.77734375
141.27983772985317,58328.671875
141.3002718000571,58315.02734375
141.32070597013808,58311.0234375
141.3411402402271,58317.21875
141.36157441019895,58321.3046875
141.38200847992994,58320.22265625
141.40244264966896,58329.296875
141.42287691940874,58317.29296875
141.44331108890765,58307.16796875
141.46374515841308,58316.3828125
141.4841794276872,58318.79296875
141.50461359695328,58329.23828125
141.52504766622587,58323.44921875
141.5454818352664,58313.05078125
141.56591600429965,58336.1015625
141.58635027322453,58320.53125
141.60678434203146,58333.38671875
141.62721861071623,58319.04296875
141.6476527792911,58318.0859375
141.6680868478652,58335.87890625
141.68852101631637,58313.58203125
141.70895528465917,58317.14453125
141.72938935288403,58326.2421875
141.74982352098596,58324.09375
141.77025778909592,58321.5859375
141.79069185708795,58329.3359375
141.81112602495705,58329.3359375
141.831560192717,58328.984375
141.85199436036055,58319.00390625
141.87242852799682,58332.12890625
141.89286269552395,58308.46875
141.91329696293542,58320.015625
141.93373103022168,58327.05859375
141.95416519739956,58331.8671875
141.97459926457668,58329.23046875
141.99503353151522,58316.09765625
142.01546769846027,58318.44921875
142.03590176528814,58334.390625
142.0563359321095,58324.5625
142.07677019870607,58333.50390625
142.09720436530188,58309.1328125
142.1176384317805,58333.140625
142.13807269813697,58330.35546875
142.15850686438353,58314.05078125
142.17894093050563,58334.4296875
142.19937509663578,58321.23828125
142.21980936265027,58328.84375
142.24024342854682,58341.22265625
142.26067759432044,58319.8125
142.28111185998569,58310.94140625
142.30154592564213,58331.1875
142.32198009107378,58311.296875
142.34241425650544,58311.44921875
142.36284852181416,58349.1640625
142.38328258701222,58330.86328125
142.40371675221104,58321.74609375
142.42415101717052,58327.4453125
142.44458508213575,58314.31640625
142.46501924698532,58332.296875
142.48545331171772,58328.4375
142.50588757644437,58326.15234375
142.5263217409447,58319.828125
142.54675590543775,58319.98046875
142.5671899697045,58339.19921875
142.58762423397275,58327.88671875
142.60805839824025,58314.72265625
142.62849246226688,58328.74609375
142.6489267261859,58325.73046875
142.66936089009687,58311.70703125
142.68979495389794,58325.33203125
142.71022911758337,58341.25390625
142.73066338115314,58330.74609375
142.7510974447141,58327.10546875
142.77153160805028,58335.2265625
142.79196587137994,58323.734375
142.81239993459894,58324.54296875
142.8328340977023,58324.296875
142.85326826068922,58324.921875
142.87370252355322,58332.109375
142.89413658642297,58327.58984375
142.91457074917707,58327.30078125
142.93500501180824,58333.28125
142.95543907432875,58329.16796875
142.9758732367336,58331.3515625
142.996307299014,58343.2265625
143.0167415613032,58358.6953125
143.0371757233588,58333.11328125
143.05760988540715,58327.05859375
143.07804404734634,58327.9140625
143.09847820928553,58302.4375
143.11891237098462,58355.390625
143.13934653257456,58309.88671875
143.15978069415723,58324.28515625
143.18021485563077,58341.76953125
143.20064891698712,58320.09765625
143.22108307822782,58315.91796875
143.2415173393456,58324.16796875
143.26195150046988,58324.3125
143.28238566147047,58329.4453125
143.3028198222455,58344.453125
143.32325398302055,58334.49609375
143.36412220432976,58325.71484375
143.38455646475632,58325.69921875
143.40499062517483,58345.140625
143.42542468536703,58323.40234375
143.44585894556076,58319.671875
143.4662931056373,58335.06640625
143.4867271655894,58324.4453125
143.50716132543312,58328.296875
143.52759558527032,58324.34765625
143.54802974499762,58322.6484375
143.56846380449133,58327.87109375
143.58889806398656,58328.69140625
143.60933222335734,58323.1171875
143.62976628273464,58348.0703125
143.65020044187986,58320.38671875
143.67063470090216,58331.05078125
143.6910687599302,58318.734375
143.7115029188426,58330.90234375
143.7319370776313,58347.89453125
143.75237123631086,58320.44921875
143.772805394874,58316.046875
143.79323955342988,58327.64453125
143.8136737117602,58331.36328125
143.83410787009052,58330.5703125
143.85454202829715,58319.55078125
143.87497608627746,58319.7890625
143.8954103443757,58317.44921875
143.91584450223309,58327.4609375
143.93627855998056,58311.46875
143.95671281772957,58320.73828125
143.9771469752377,58307.41796875
143.99758103275235,58329.65625
144.01801519015135,58330.84765625
144.0384494474274,58325.41796875
144.05888360459358,58307.1796875
144.07931766175898,58334.87890625
144.0997519186858,58320.3203125
144.12018607561913,58322.0390625
144.1406201324353,58321.515625
144.1610542890121,58306.76953125
144.18148854559695,58329.75
144.20192260218028,58326.28125
144.22235675852426,58335.33984375
144.24279101475986,58329.33203125
144.26322507099394,58330.62109375
144.2836592271051,58275.40625
144.3040933829907,57700.421875
144.32452753887628,57476.359375
144.3449616946382,57400.3671875
144.36539585040737,57380.0
144.38582990594296,57367.046875
144.40626416135638,57389.27734375
144.4266983167763,57428.03515625
144.44713237207907,57514.87890625
144.46756662725966,57975.5546875
144.48800078233035,58321.41796875
144.50843483728386,58332.5703125
144.52886899211444,58320.97265625
144.54930324683664,58312.2265625
144.5697374015581,58331.5234375
144.59017145604594,58326.18359375
144.61060571052803,58323.515625
144.63103986490023,58337.62890625
144.65147391914797,58336.53125
144.67190807328734,58308.80078125
144.69234232731105,58324.9921875
144.71277638132597,58337.296875
144.7332105351161,58316.7109375
144.75364478890697,58315.5390625
144.77407884245622,58327.07421875
144.7945129960135,58334.234375
144.81494714945438,58310.76171875
144.83538140277233,58315.82421875
144.8558154559796,58317.86328125
144.87624960907124,58333.77734375
144.8966837621556,58322.890625
144.9171179150144,58326.4609375
144.93755206787318,58318.48828125
144.9579862206083,58291.55859375
144.97842047323502,58331.81640625
144.9988545257438,58320.15625
145.01928867812967,58339.6328125
145.0397228304064,58337.36328125
145.0601569825667,58307.37109375
145.08059113471973,58325.3359375
145.1010252866472,58305.8359375
145.12145953857544,58315.796875
145.14189359026204,58331.3828125
145.1623277419567,58330.5
145.18276179353416,58309.29296875
145.20319604498945,58329.609375
145.22363019645127,58326.734375
145.2440642476795,58325.78125
145.26449849878554,58326.1953125
145.2849326498981,58330.87890625
145.30536680089426,58331.75390625
145.32580085165682,58319.73046875
145.34623510241363,58329.69921875
145.36666925306054,58337.171875
145.387103303583,58347.30859375
145.40753755399783,58320.0
145.4279717042955,58340.80859375
145.4484057545924,58337.0859375
145.46883990464994,58322.62890625
145.48927415471553,58334.80078125
145.5097082046559,58331.49609375
145.5301423543715,58328.00390625
145.55057650408708,58332.15234375
145.57101075367973,58320.4296875
145.59144480316172,58328.21875
145.61187895252806,58324.8046875
145.63231320188788,58327.4765625
145.65274725102063,58338.2265625
145.67318140003772,58354.33203125
145.69361544905405,58311.35546875
145.7140496979482,58323.20703125
145.73448384661606,58327.234375
145.75491799527663,58330.16796875
145.77535214382806,58314.1640625
145.79578629226307,58321.42578125
145.81622044058167,58322.17578125
145.83665448877582,58333.7421875
145.85708873697877,58331.828125
145.87752288494084,58319.52734375
145.89795693290944,58330.71875
145.91839118064672,58322.8828125
145.93882532838325,58331.11328125
145.95925937599532,58340.80078125
145.9796935233826,58331.23046875
146.00012777076336,58333.390625
146.02056191803422,58316.91015625
146.04099596530432,58333.9765625
146.0614302123431,58327.74609375
146.08186435925745,58320.203125
146.1022984060619,58316.53515625
146.1227325528671,58316.99609375
146.14316679943295,58334.765625
146.16360084600456,58342.15234375
146.1840349924605,58318.06640625
146.20446913879277,58313.5703125
146.2249032850159,58329.23046875
146.2453374310062,58335.76171875
146.26577157710562,58327.13671875
146.2862057229795,58333.55859375
146.30663986873697,58327.9375
146.34750806001102,58326.9921875
146.36794230541273,58343.49609375
146.38837645082094,58339.3984375
146.40881049599557,58322.609375
146.42924474117171,58319.9375
146.4496788862234,58325.2578125
146.4701129310488,58325.9453125
146.49054717586841,58336.46875
146.51098132057814,58321.9453125
146.53141546528786,58319.22265625
146.551849509764,58326.74609375
146.57228375411796,58329.9140625
146.59271789836203,58317.20703125
146.6131520425988,58336.765625
146.63358608660928,58324.796875
146.65402033062128,58328.65625
146.67445447439968,58317.27734375
146.69488851817005,58326.1953125
146.7153227618328,58330.8125
146.73575690525468,58321.765625
146.75619104868383,58331.28515625
146.7766250919958,58335.48046875
146.7970593351929,58331.49609375
146.81749347826553,58324.11328125
146.83792752134468,58331.53125
146.85836166419176,58323.76953125
146.8787959069159,58343.45703125
146.8992299495294,58320.640625
146.91966409214365,58327.43359375
146.94009833451855,58316.265625
146.9605323768992,58335.5625
146.9809665191642,58326.87890625
147.0014006611891,58342.6953125
147.02183480322128,58318.109375
147.04226894513704,58341.21484375
147.0627030869291,58335.86328125
147.0831373286128,58309.03515625
147.10357137017854,58332.57421875
147.12400551162136,58330.65234375
147.14443955295428,58323.14453125
147.1648737941723,58329.21484375
147.18530793526588,58345.328125
147.20574197636597,58320.078125
147.22617621723475,58340.2734375
147.2466103580955,58326.0703125
147.26704449873068,58337.8671875
147.2874785393651,58326.51171875
147.30791277976095,58330.3671875
147.3283469201633,58331.95703125
147.3487809604485,58325.2890625
147.36921510049433,58331.0
147.3896493405482,58327.671875
147.41008338048414,58324.08203125
147.43051752029714,58340.32421875
147.45095176000177,58335.84765625
147.47138579958846,58337.91015625
147.49181993905222,58322.9375
147.51225407840684,58343.39453125
147.53268831776222,58325.6640625
147.55312235687597,58331.05859375
147.57355649588135,58341.953125
147.59399073477107,58342.75
147.614424773652,58320.234375
147.63485891230812,58320.1328125
147.65529295096349,58321.19140625
147.67572718938027,58326.8125
147.69616132780357,58313.91796875
147.7165953661097,58337.01953125
147.73702960417722,58323.23046875
147.75746374225128,58325.26171875
147.7778978802089,58328.26953125
147.79833191804937,58324.68359375
147.81876615576766,58320.57421875
147.83920029337605,58346.296875
147.85963433086,58326.88671875
147.88006846823555,58332.58984375
147.92093674263015,58337.3359375
147.94137087965646,58340.87890625
147.96180511656712,58322.59375
147.98223915335257,58320.51953125
148.00267329014605,58329.2890625
148.0231074267067,58326.68359375
148.04354166314442,58320.87890625
148.06397569947148,58329.4140625
148.0844098357993,58336.81640625
148.10484407188778,58310.96875
148.125278107982,58327.71875
148.14571224384417,58355.14453125
148.16614637969906,58319.96484375
148.1865805154448,58327.3515625
148.20701465095772,58325.20703125
148.22744878646336,58323.17578125
148.24788302186062,58336.4609375
148.26831705702352,58331.21875
148.28875119217992,58354.2421875
148.30918532722717,58329.65625
148.329619462158,58317.99609375
148.35005359696515,58311.13671875
148.37048773166316,58313.49609375
148.390921766244,58332.984375
148.41135600058624,58323.62109375
148.431790134935,58322.10546875
148.45222426928376,58316.48046875
148.47265840339242,58302.9296875
148.49309253739193,58320.703125
148.51352667127503,58320.3671875
148.53396070504095,58316.84375
148.5543949386847,58301.96484375
148.57482907221856,58302.44921875
148.59526310574438,58327.57421875
148.61569733904616,58341.82421875
148.63613147223077,58339.7578125
148.6565655052982,58324.84375
148.67699963835912,58313.6484375
148.69743387119524,58337.85546875
148.71786790390615,58307.109375
148.7383020366251,57806.63671875
148.75873626911198,57500.16796875
148.77917040159082,57505.20703125
148.79960443384334,57393.48828125
148.82003856609663,57379.6015625
148.84047279811057,57390.2421875
148.86090683013026,57419.3828125
148.88134096191789,57517.78515625
148.901775193699,57869.47265625
148.92220922525303,58315.94921875
148.94264335680782,58333.6171875
148.9630774881225,58341.03125
148.98351161944447,58361.796875
149.00394575065002,58324.43359375
149.02437988162274,58325.26171875
149.04481391258741,58322.78515625
149.06524814344448,58324.92578125
149.0856822741771,58322.57421875
149.10611630468338,58315.69921875
149.1265505351912,58311.66796875
149.14698466558184,58322.921875
149.1674186957316,58323.80078125
149.18785282588942,58352.94140625
149.2082870559243,58336.984375
149.22872118584928,58327.234375
149.24915521565708,58315.6328125
149.26958944523358,58335.62109375
149.29002357480204,58311.8828125
149.3308917336035,58323.27734375
149.35132596282347,58329.70703125
149.37175999193278,58321.59375
149.39219412092643,58326.31640625
149.41262834968074,58312.296875
149.4330623784408,58324.60546875
149.45349650708522,58324.65234375
149.47393063560594,58343.2265625
149.49436476401752,58318.03515625
149.51479889231268,58319.58984375
149.53523302048416,58348.56640625
149.55566724854725,58304.89453125
149.57610127648513,58323.7265625
149.59653540431464,58335.328125
149.61696943191055,58316.1796875
149.63740365950798,58315.1953125
149.65783778698096,58335.484375
149.67827181434404,58328.16015625
149.69870594159147,58326.19140625
149.71914016871597,58332.421875
149.73957429573056,58325.55078125
149.76000832262798,58314.08984375
149.78044254940323,58331.04296875
149.80087667606858,58339.95703125
149.82131070261676,58317.08203125
149.84174482892558,58347.30078125
149.86217905524245,58309.26953125
149.88261318144214,58308.19140625
149.90304720751737,58321.89453125
149.923481433485,58335.7265625
149.94391555932816,58318.96484375
149.9643496850622,58336.56640625
149.98478371067904,58334.55859375
150.005217936181,58305.8125
150.0256520614421,58344.5
150.0460860867097,58331.921875
150.06652031185513,58329.57421875
150.08695443689066,58344.8515625
150.10738846180902,58317.5078125
150.12782258661173,58325.23046875
150.1482568111751,58327.8046875
150.1686908357442,58342.1328125
150.18912496019766,58312.26171875
150.2095591845282,58309.0234375
150.22999320863164,58322.921875
150.25042733273585,58340.8046875
150.27086145671637,58333.87109375
150.29129568058852,58331.1875
150.3117297042263,58319.3515625
150.33216382785758,58334.04296875
150.35259785137896,58323.921875
150.37303207466903,58340.49609375
150.39346619795106,58317.76171875
150.41390022100677,58317.19921875
150.434334444064,58309.8984375
150.4547685669968,58327.15234375
150.47520268970402,58311.90625
150.4956367124105,58322.93359375
150.51607093487837,58321.66015625
150.53650505735277,58310.40625
150.55693907959358,58321.21875
150.57737330182863,58334.90234375
150.59780742383737,58325.05078125
150.61824144584534,58328.9921875
150.63867556761397,58305.13671875
150.65910978927423,58329.9375
150.67954381093296,58334.828125
150.69997793235234,58321.87890625
150.72041215366335,58324.98046875
150.7408462749736,58334.78125
150.76128029604297,58316.703125
150.78171441700397,58329.53515625
150.8021486378493,58332.31640625
150.82258265856944,58327.09765625
150.8430167792976,58315.0625
150.8634509997937,58325.75
150.8838850201646,58318.8984375
150.9043191404271,58327.078125
150.9247532605732,58340.4609375
150.9451873805956,58329.4140625
150.96562150050886,58313.76171875
150.9860556203057,58329.125
151.00648963998538,58335.421875
151.02692385954288,58318.75390625
151.04735797899048,58319.42578125
151.0677919981972,58354.91015625
151.08822621741274,58324.42578125
151.1086603365111,58315.9375
151.129094355485,58331.30078125
151.1495284742341,58338.84765625
151.16996269298397,58322.578125
151.19039671160863,58333.9296875
151.2108308300085,58314.77734375
151.2312650484091,58315.0859375
151.25169916656887,58315.7265625
151.27213318473514,58334.08203125
151.29256730266934,58313.52734375
151.31300152059703,58350.0546875
151.33343553829764,58343.41796875
151.3538696558826,58320.0
151.37430387346103,58319.58203125
151.3947378908124,58326.53125
151.4151720080481,58336.68359375
151.43560612516012,58320.44921875
151.456040242163,58330.640625
151.47647435904946,58324.58203125
151.49690847581223,58312.9609375
151.51734259246587,58335.7421875
151.53777670900308,58327.83203125
151.5582108254166,58324.5625
151.578644941721,58368.359375
151.59907915790973,58314.1015625
151.61951317397325,58339.97265625
151.6399472899284,58333.44140625
151.6603814056507,58326.302734375
151.68081552136573,58319.1640625
151.7012496368552,58325.58203125
151.7216837523447,58347.29296875
151.74211786771048,58325.60546875
151.7625519828507,58354.0
151.78298609787453,58341.1875
151.8034201128903,58325.359375
151.82385432768206,58331.94921875
151.84428844235663,58333.5546875
151.86472245691402,58329.8828125
151.88515667146567,58316.41796875
151.905590785791,58330.70703125
151.92602479999186,58342.828125
151.94645891408436,58346.66796875
151.9668931280612,58331.85546875
151.9873272419136,58331.76953125
152.00776125553966,58316.3671875
152.02819546916726,58323.859375
152.0486295826704,58336.33984375
152.06906359606364,58327.55859375
152.08949770922482,58325.4140625
152.10993192237947,58329.8046875
152.13036593530705,58336.828125
152.1508000482354,58332.6484375
152.17123416092363,58329.69921875
152.19166827361914,58323.8359375
152.21210238608182,58326.60546875
152.2325364984281,58344.76171875
152.25297071065143,58361.98046875
152.2734047227641,58328.80859375
152.31427284663368,58314.96875
152.33470705839864,58323.015625
152.3551411700464,58319.49609375
152.37557518156973,58336.6015625
152.39600939298543,58328.49609375
152.41644350416027,58315.53125
152.43687761534238,58328.08984375
152.4573116262909,58324.25390625
152.47774583724095,58315.25390625
152.49817994795012,58338.59375
152.5186139586658,58322.41796875
152.53904816914292,58354.484375
152.55948227951012,58312.03125
152.57991628976015,58318.8515625
152.60035039989452,58328.15625
152.62078460990597,58333.52734375
152.64121861980675,58332.79296875
152.68208683925332,58319.890625
152.7025209488056,58338.6015625
152.72295505812508,58337.6484375
152.74338916743727,58322.5546875
152.76382337652467,58320.5703125
152.78425738560327,58322.64453125
152.80469149445707,58320.58203125
152.8251255031937,58328.08984375
152.84555971193186,58334.3125
152.86599382042914,58323.328125
152.88642782881652,58325.90625
152.90686203708174,58314.54296875
152.92729614523705,58335.828125
152.94773025327595,58318.66015625
152.96816426108126,58335.33203125
152.9885984688808,58320.71484375
153.00903257657046,58330.765625
153.02946658402652,58340.29296875
153.04990079147683,58316.9375
153.07033489870082,58304.61328125
153.09076890592405,58312.625
153.11120301290794,58327.4765625
153.13163721978344,58329.7890625
153.152071226541,58328.01171875
153.17250533317565,57940.1875
153.19293943970115,57531.73046875
153.213373646111,57434.48828125
153.2338077523964,57388.68359375
153.25424175845546,57399.47265625
153.2746759645088,57384.37109375
153.2951100703358,57413.0625
153.31554407616204,57478.1015625
153.33597818175622,57745.04296875
153.3564122872267,58301.76953125
153.37684639258805,58359.91796875
153.3972804979494,58338.3046875
153.4177147030714,58340.7421875
153.43814880796708,58313.05078125
153.458582812862,58344.3828125
153.479016917634,58328.22265625
153.49945112229761,58337.578125
153.51988512672688,58333.578125
153.54031923114962,58340.08984375
153.56075343534758,58339.14453125
153.5811874394276,58335.1875
153.6016215435011,58330.6640625
153.62205564734904,58326.71875
153.64248975108057,58325.37109375
153.66292385468842,58330.19921875
153.6833579580707,58322.4765625
153.70379196145223,58329.953125
153.72422616471158,58317.859375
153.74466026774462,58320.49609375
153.7650942707769,58330.83203125
153.7855284735706,58324.22265625
153.8059625762544,58328.48046875
153.82639657893742,58338.453125
153.8468306813811,58346.00390625
153.86726488371642,58343.3046875
153.8876988859338,58328.84375
153.9081329879118,58318.7265625
153.92856718989788,58325.05859375
153.94900129176676,58326.65625
153.96943529339478,58357.34765625
153.98986939503084,58345.75
154.01030359643482,58326.140625
154.0307375977136,58340.70703125
154.051171698884,58337.6484375
154.07160589993873,58342.203125
154.09203990086826,58337.00390625
154.1124740016894,58343.3828125
154.13290810239414,58342.54296875
154.15334220285877,58340.98828125
154.17377630333067,58346.015625
154.19421040356974,58336.6328125
154.21464450368512,58337.50390625
154.23507860380778,58332.2109375
154.2555127036976,58331.72265625
154.27594670346298,58325.75
154.29638090300432,58328.66796875
154.3168150025449,58331.390625
154.33724900196103,58338.3828125
154.35768310115236,58340.85546875
154.37811730034446,58332.7734375
154.39855129929492,58330.1640625
154.418985398137,58352.31640625
154.43941959697986,58316.06640625
154.45985369546543,58329.21875
154.4802876939575,58325.921875
154.50072179233393,58332.5078125
154.52115599058743,58349.58203125
154.54158998861385,58329.8828125
154.56202408664103,58335.33984375
154.58245828442887,58331.125
154.60289228210604,58326.2890625
154.62332637978398,58327.09375
154.6437604772218,58324.6640625
154.66419457443408,58333.7265625
154.68462867164635,58344.15625
154.70506276873493,58331.609375
154.72549696559872,58329.09375
154.745930962461,58324.1328125
154.7663650590839,58338.62890625
154.7867991555977,58321.13671875
154.80723325199506,58336.9375
154.82766734826873,58333.34765625
154.8481013444325,58333.0625
154.8685355404814,58323.74609375
154.8889696362894,58325.84375
154.9094037321047,58338.94921875
154.92983782768715,58342.15234375
154.95027192326233,58327.234375
154.97070601861196,58336.39453125
154.99114011384518,58330.2421875
155.01157410883752,58346.828125
155.03200830383867,58325.375
155.05244239872263,58325.31640625
155.072876393373,58334.6328125
155.09331058801763,58324.3671875
155.11374468243594,58342.59765625
155.1341786767298,58339.5703125
155.15461277091526,58351.55859375
155.17504696498509,58333.80078125
155.19548105893045,58335.1640625
155.2159150526495,58325.21875
155.23634914636932,58326.37890625
155.2567833398498,58329.4765625
155.29765142659016,58325.0703125
155.3180856197214,58343.625
155.33851961274195,58330.375
155.35895370553044,58355.53125
155.37938779831165,58332.61328125
155.39982189098373,58328.14453125
155.42025598342298,58323.53515625
155.4406900756294,58317.51953125
155.46112426806212,58337.578125
155.48155826003494,58340.03125
155.50199235200125,58333.46484375
155.52242634374124,58348.69140625
155.54286053548276,58325.04296875
155.56329462699068,58338.76953125
155.58372861849057,58352.49609375
155.60416280976642,58335.62109375
155.6245969008014,58336.8515625
155.64503099184367,58325.796875
155.66546498288517,58344.76171875
155.68589917369536,58337.86328125
155.70633326426469,58354.47265625
155.7267672546077,58333.70703125
155.7472013451843,58338.13671875
155.76763553528872,58345.9765625
155.7880695253989,58347.4453125
155.808503615277,58331.35546875
155.8289378051486,58324.625
155.84937179502595,58346.98046875
155.8698058844384,58333.17578125
155.89023997384356,58332.453125
155.91067416325677,58333.3671875
155.93110815243563,58346.70703125
155.95154224137514,58349.13671875
155.97197643032268,58330.34765625
155.9924104190286,58334.6015625
156.01284450774256,58330.20703125
156.03327849622292,58337.28125
156.0537126847048,58343.14453125
156.07414677294582,58335.1640625
156.0945808609613,58325.98828125
156.11501494896947,58340.5625
156.1354490367521,58326.4296875
156.15588312453474,58346.59765625
156.17631711208378,58346.140625
156.19675129939424,58327.72265625
156.2171853867112,58338.3828125
156.23761937402742,58354.3984375
156.25805346087145,58337.58984375
156.27848764795635,58334.734375
156.29892163457407,58328.87890625
156.31935572118527,58339.66015625
156.33978990780452,58334.62890625
156.3602238941894,58337.9765625
156.38065798033495,58342.63671875
156.40109206648776,58330.015625
156.4215262524085,58343.79296875
156.44196023832046,58341.87890625
156.46239432400762,58334.3828125
156.48282850945543,58341.7109375
156.503262494909,58332.24609375
156.5236965801305,58333.36328125
156.544130665352,58337.265625
156.56456475033337,58332.89453125
156.58499883532204,58314.52734375
156.60543292007787,58331.19921875
156.6258670045936,58349.53125
156.6463010891166,58322.65234375
156.66673517340678,58334.64453125
156.68716925768967,58330.8046875
156.70760334174702,58334.4453125
156.72803742580436,58340.5234375
156.7484715096216,58352.3046875
156.76890549321251,58344.88671875
156.78933967680496,58342.01953125
156.80977376015653,58333.43359375
156.83020784351538,58343.6640625
156.8506419266414,58336.97265625
156.87107600952731,58343.2578125
156.8915100924205,58340.3671875
156.9119440750801,58340.09765625
156.93237825773394,58324.58203125
156.95281234016147,58342.6015625
156.97324632258824,58316.99609375
156.99368050477642,58344.4921875
157.0141145867383,58335.80078125
157.0345485686994,58336.03125
157.05498265042115,58348.82421875
157.07541683215095,58327.69140625
157.0958508136464,58338.49609375
157.1162848949025,58341.421875
157.13671907616663,58348.82421875
157.15715315719717,58347.6875
157.17758713821968,58343.39453125
157.1980212190174,58355.921875
157.21845539981587,58339.4140625
157.2388893803727,58326.61328125
157.25932346070476,58338.9609375
157.27975754103682,58321.40234375
157.30019162112876,58334.59765625
157.32062570122798,58332.74609375
157.34105978109437,58332.04296875
157.36149386072066,58357.85546875
157.38192794035422,58332.62109375
157.40236201975495,58329.83203125
157.4227959991549,58344.94921875
157.4432301783163,58329.18359375
157.4636642574842,58324.71484375
157.48409823641123,58334.0625
157.50453241511423,58327.515625
157.52496649381646,58326.1484375
157.54540047227783,58332.05859375
157.5658345505144,58334.28515625
157.58626872875175,58319.28515625
157.6067027069803,58074.4921875
157.62713678498403,57563.8125
157.6475709627557,57462.9140625
157.66800504028652,57397.50390625
157.68843901782384,57391.73828125
157.70887309536192,57402.12109375
157.72930727266066,57441.07421875
157.74974124973232,57498.453125
157.77017532680475,57664.375
157.79060950363782,58241.890625
157.81104348024382,58334.65234375
157.8314775568506,58332.52734375
157.85191163321724,58338.9921875
157.87234570959117,58338.81640625
157.89277978573227,58330.25390625
157.9132138618661,58337.23046875
157.9336478377736,58354.45703125
157.9540820134498,58330.67578125
157.97451608911797,58369.76953125
157.99495006455982,58354.1796875
158.0153842400032,58354.94921875
158.0358183152057,58339.046875
158.05625229018187,58340.59765625
158.07668636515882,58326.96875
158.09712053989642,58347.8046875
158.1175546144077,58337.39453125
158.13798858891823,58330.1484375
158.158422763423,58344.6484375
158.17885683770146,58337.7578125
158.19929081174632,58352.25390625
158.21972488555184,58340.12109375
158.24015905959823,58337.47265625
158.2810271067574,58352.78125
158.301461280098,58347.1796875
158.32189535344514,58304.75
158.3423293265514,58332.40625
158.36276339943288,58343.203125
158.3831975723151,58364.08984375
158.40363164495648,58331.04296875
158.42406561760436,58352.70703125
158.44449969002017,58343.484375
158.46493386219663,58340.5
158.48536783437885,58330.30078125
158.505801906329,58345.2109375
158.52623607827263,58329.7890625
158.5466700499892,58332.7890625
158.5671041217065,58326.48046875
158.5875381929509,58342.77734375
158.60797226443538,58353.984375
158.6284063354542,58341.19921875
158.64884040647303,58351.53125
158.66927457748534,58336.9296875
158.68970854827057,58342.55859375
158.71014261881646,58337.00390625
158.73057658936887,58339.4609375
158.75101075968996,58342.90234375
158.77144482977747,58335.03125
158.7918788998577,58330.83203125
158.81231296971237,58364.37109375
158.83274703955976,58335.89453125
158.8531811091816,58355.78125
158.87361507856986,58331.3125
158.89404924795963,58351.10546875
158.91448331710853,58342.5703125
158.93491728626395,58343.83203125
158.9553514551808,58343.88671875
158.97578552410414,58353.1484375
158.99621949256107,58342.45703125
159.0166535612516,58337.078125
159.03708772946993,58345.7265625
159.05752169769403,58335.5859375
159.0779557659189,58350.48046875
159.0983898336708,58346.64453125
159.1188240016636,58354.37109375
159.1392579691892,58351.06640625
159.1596920367083,58350.88671875
159.18012620423542,58352.27734375
159.2005601712881,58345.125
159.2209942383488,58338.6015625
159.24142820540874,58333.7734375
159.26186237223737,58344.11328125
159.28229643882514,58349.07421875
159.3027305054202,58356.51171875
159.32316457177512,58335.7890625
159.34359863813734,58351.890625
159.36403270426672,58339.71875
159.3844666701625,58331.84375
159.40490083605255,58345.83984375
159.42533490171627,58343.05078125
159.4457688671464,58345.3515625
159.46620303257077,58355.171875
159.48663709776883,58339.6796875
159.50707106296613,58364.49609375
159.5275051279241,58329.5
159.54793929265725,58332.26953125
159.56837325738888,58352.33203125
159.58880732188118,58338.60546875
159.60924138638075,58357.51171875
159.62967555064824,58340.765625
159.6501095146741,58331.2578125
159.67054357870802,58352.53515625
159.69097774250258,58330.38671875
159.7114117063029,58371.6171875
159.73184576987114,58342.4296875
159.75227983320656,58344.38671875
159.7727138965347,58355.46875
159.79314795963728,58338.26953125
159.81358202273987,58346.45703125
159.8340160853695,58330.71875
159.85445014823927,58334.32421875
159.87488421064336,58335.42578125
159.8953181730394,58329.6484375
159.91575233544427,58339.91015625
159.93618639761553,58344.640625
159.95662045954668,58341.484375
159.97705452125228,58365.3359375
159.99748858295789,58340.19921875
160.0179226446562,58333.390625
160.03835670589615,58333.859375
160.05879076736892,58337.40234375
160.07922482836875,58343.71484375
160.09965888937586,58335.58203125
160.12009285014938,58343.5859375
160.14052701091714,58349.1640625
160.1609610714586,58335.1953125
160.18139503176644,58325.515625
160.20182919206854,58362.609375
160.22226325214433,58345.93359375
160.24269721221935,58340.93359375
160.26313127205503,58334.9921875
160.28356543166592,58343.77734375
160.30399939127528,58341.63671875
160.3244334506453,58336.80859375
160.34486761002336,58361.71875
160.36530166916782,58322.6328125
160.38573562807142,58345.30078125
160.40616968675022,58343.109375
160.42660384542978,58344.09765625
160.44703780410055,58343.1328125
160.46747186254652,58328.32421875
160.48790602076042,58353.88671875
160.5083399787327,58334.40625
160.528774036713,58343.26171875
160.5492080946933,58336.73828125
160.5696421522007,58339.41796875
160.59007620971533,58329.04296875
160.61051026722998,58330.8515625
160.63094422451104,58324.20703125
160.6513783815535,58321.1953125
160.67181243836967,58327.2578125
160.6922463951778,58340.109375
160.7126805519947,58347.71484375
160.7331146083452,58352.8203125
160.75354856468766,58346.4453125
160.77398262103816,58320.09375
160.79441677715658,58334.3828125
160.81485083303414,58317.02734375
160.83528478891822,58338.4609375
160.85571894457098,58338.1171875
160.87615299998288,58333.90625
160.8965869554013,58337.078125
160.91702101058763,58339.50390625
160.93745516553463,58338.71875
160.95788912048738,58311.04296875
160.97832317520806,58341.61328125
160.99875732992223,58340.484375
161.01919128440932,58336.765625
161.03962533866434,58340.0703125
161.06005939291208,58350.97265625
161.08049344693427,58346.40625
161.10092750095646,58339.82421875
161.12136155473854,58334.25390625
161.14179570829583,58341.6875
161.16222966161877,58347.8828125
161.1826637149352,58336.30078125
161.20309766825812,58344.8359375
161.22353182111692,58336.16015625
161.26439992682572,58346.10546875
161.28483387945016,58319.98046875
161.30526803183602,58326.67578125
161.3257020842284,58318.05078125
161.34613603638718,58331.8515625
161.36657018830738,58343.3515625
161.3870042402341,58329.73046875
161.4074381919272,58336.76953125
161.427872243381,58322.15625
161.4483063948428,58338.984375
161.46874034607026,58331.0390625
161.48917439729848,58337.03125
161.50960854828736,58337.6953125
161.53004249904916,58327.4921875
161.55047654980444,58347.5625
161.57091060033417,58338.49609375
161.59134475063183,58333.17578125
161.61177870092797,58332.34375
161.63221275098476,58328.37109375
161.6526469010496,58327.796875
161.67308095064072,58328.8828125
161.6935149004712,58341.48828125
161.71394894983678,58338.6953125
161.73438309919584,58337.31640625
161.75481704856065,58330.0390625
161.77525109746057,58342.046875
161.7956851463532,58328.6171875
161.81611919525312,58330.9375
161.8365532439202,58334.75
161.85698729235446,58345.53515625
161.87742144054937,58345.60546875
161.89785538875003,58323.0234375
161.91828943694418,58345.90625
161.93872338467918,58317.96875
161.9591575324157,58340.3125
161.97959158015146,58308.19140625
162.0000256274143,58327.91796875
162.02045967491722,58326.140625
162.0408937219472,58179.34375
162.06132776898448,57601.109375
162.08176171578816,57464.55078125
162.10219586259336,57409.57421875
162.1226299091577,57384.52734375
162.1430638554957,57387.30859375
162.16349800182797,57418.83203125
162.18393204793392,57460.13671875
162.20436599380628,57592.0234375
162.2248000396794,58165.37890625
162.24523418531317,58340.6640625
162.26566813071986,58330.43359375
162.28610217612732,58336.546875
162.30653632129543,58341.015625
162.32697036647005,58322.8203125
162.34740431141108,58328.34765625
162.36783835611277,58339.51171875
162.3882725008225,58334.31640625
162.4087064452906,58320.2890625
162.4291404895339,58328.05078125
162.44957443377643,58338.6015625
162.47000857778767,58330.5390625
162.49044262179086,58326.171875
162.51087606533838,58327.48046875
162.5313102091095,58332.92578125
162.55174415242072,58347.5
162.57217819572543,58318.44921875
162.59261223880458,58326.859375
162.6130463818845,58335.52734375
162.63348032473004,58312.02734375
162.65391436733626,58334.625
162.6743485099505,58338.8515625
162.69478245232312,58323.1640625
162.71521649447095,58335.98046875
162.73565053661878,58322.7265625
162.75608457853377,58335.38671875
162.7765186204415,58324.1875
162.79695266189083,58336.953125
162.81738670356572,58339.86328125
162.83782074478222,58335.3359375
162.85825478599872,58324.94140625
162.87868872698164,58324.87109375
162.8991228679588,58347.6484375
162.91955690870964,58351.96875
162.9399908492269,58331.66796875
162.96042488973762,58321.87890625
162.98085903002357,58340.859375
163.00129297007516,58328.40625
163.02172701012023,58333.74609375
163.0421611499405,58334.1171875
163.06259518975276,58344.015625
163.08302912933868,58333.69140625
163.10346316869254,58308.703125
163.12389730781433,58349.0625
163.14433124692732,58319.69140625
163.16476528581552,58315.58984375
163.1851994246972,58300.8125
163.2056333633518,58325.41796875
163.22606740177434,58340.484375
163.24650144019688,58314.52734375
163.2669354783793,58329.56640625
163.28736951633618,58335.7109375
163.30780355429306,58356.78125
163.3282376920106,58344.43359375
163.34867162950104,58327.99609375
163.36910566699225,58338.7578125
163.3895396042426,58324.4296875
163.40997374150174,58311.62890625
163.4304077785273,58350.51953125
163.45084171531198,58329.1171875
163.47127585187263,58343.8359375
163.49170988843252,58315.8515625
163.5121439247523,58329.125
163.5325778610786,58326.640625
163.55301199716632,58343.875
163.57344603302772,58339.40625
163.59387996888836,58329.8046875
163.61431400451693,58346.9921875
163.63474813990615,58333.5859375
163.65518207530113,58337.54296875
163.67561611046403,58328.89453125
163.6960502453876,58329.01171875
163.7164841803169,58329.3671875
163.73691821501416,58333.84375
163.7573522494713,58315.1875
163.7777862839357,58346.4609375
163.7982203181673,58320.203125
163.81865435215877,58340.96875
163.8390884861583,58347.78125
163.85952241992345,58331.79296875
163.8799564536821,58333.19140625
163.90039038721443,58339.13671875
163.92082452051545,58322.8828125
163.9412585535756,58322.3828125
163.96169258664304,58326.51953125
163.98212661947764,58324.3203125
164.00256065230496,58317.765625
164.02299468490673,58341.2890625
164.0434286172749,58338.84765625
164.06386274963734,58349.44140625
164.08429678177345,58348.40625
164.10473081367672,58335.51953125
164.12516474557196,58323.18359375
164.14559887724317,58336.28125
164.16603280868003,58347.8515625
164.18646684011037,58337.62109375
164.20690097131592,58329.484375
164.2477689332518,58352.5625
164.26820296399092,58363.62890625
164.2886369944972,58343.32421875
164.30907102499623,58325.30078125
164.3295050552697,58337.4921875
164.3499391853111,58333.515625
164.37037321534444,58341.00390625
164.39080714515148,58337.82421875
164.41124117472646,58347.19921875
164.43167520429415,58329.6796875
164.4521092336363,58342.12109375
164.47254326297843,58334.234375
164.49297739208123,58332.83203125
164.51341132095695,58349.66015625
164.5338453496006,58352.13671875
164.55427937823697,58324.015625
164.5747134066478,58336.51953125
164.5951474350586,58336.01953125
164.61558146322932,58350.26171875
164.63601539117371,58346.3515625
164.6564495188868,58343.36328125
164.67688354659185,58349.2421875
164.69731757407135,58349.17578125
164.71775160155084,58354.56640625
164.73818562879023,58324.12109375
164.75861965580407,58323.03515625
164.7790535825843,58326.22265625
164.7994877093588,58338.67578125
164.81992173590697,58325.86328125
164.84035566245439,58344.4296875
164.8607897887632,58343.60546875
164.88122381484573,58340.29296875
164.90165774092748,58343.71484375
164.92209176676988,58328.6953125
164.9425258923875,58355.58203125
164.96295981777075,58345.1953125
164.98339384315477,58330.69140625
